upload_date,orig_filename,stored_path,created_at
2025-09-28,FANtest.zip,uploads\2025-09-28\809ce538-63ad-4b83-8c6f-6643ccc53fd8_FANtest.zip,2025-09-28T17:25:36.313735
2025-09-20,Performance Management-History Query-FAN ratio-Pup-20250624102011.zip,uploads\2025-09-20\240f890f-93c3-4ce4-8acd-18903e639377_Performance Management-History Query-FAN ratio-Pup-20250624102011.zip,2025-09-28T19:23:00.144488
2025-09-23,CPUtest.zip,uploads\2025-09-23\e4ac04dc-6214-482c-83b7-9d5b4147735a_CPUtest.zip,2025-09-29T09:31:31.929386
2025-09-29,Performance Management-History Query-CPU ratio-Pup-20250624102049.zip,uploads\2025-09-29\176618c5-b1b3-46de-8ebd-f0e10de17154_Performance Management-History Query-CPU ratio-Pup-20250624102049.zip,2025-09-29T10:30:19.107335
2025-09-29,Performance Management-History Query-FAN ratio-Pup-20250624102011.zip,uploads\2025-09-29\d5a26f35-61ca-4490-8f21-ed0855a6bdd8_Performance Management-History Query-FAN ratio-Pup-20250624102011.zip,2025-09-29T10:30:19.116003
2025-09-24,CPUtest.zip,uploads\2025-09-24\75aeafb6-f738-4297-afbb-50632fd320e3_CPUtest.zip,2025-09-29T14:41:02.319271
2025-09-24,FANtest.zip,uploads\2025-09-24\136a7e5f-27c0-47d1-a13a-6e8a02cc2659_FANtest.zip,2025-09-29T14:41:13.041042
2025-09-14,MSUtest.zip,uploads\2025-09-14\b510e237-1cb9-4236-91bc-d8d5ea2f7d6b_MSUtest.zip,2025-09-29T15:08:53.918776
2025-09-24,MSUtest.zip,uploads\2025-09-24\770d6cec-6dbf-4a75-8f05-a6b6aacb0136_MSUtest.zip,2025-09-29T16:41:29.809406
2025-09-02,linetest2.zip,uploads\2025-09-02\7036e74c-fb4a-4091-9c5d-1d651ffaf179_linetest2.zip,2025-09-29T17:00:14.334039
2025-09-01,Linetest.zip,uploads\2025-09-01\74c32974-b70d-4333-8382-d4fcf9b93e85_Linetest.zip,2025-09-29T17:48:12.793645
2025-09-03,clienttest.zip,uploads\2025-09-03\2c64a9a8-5288-4c68-944a-f1e903f0c7a7_clienttest.zip,2025-09-30T11:45:32.662436
2025-09-04,Flappingtest.zip,uploads\2025-09-04\f24b6fcc-03cc-4a5c-8aa9-38c8facc383e_Flappingtest.zip,2025-10-01T09:53:55.802850
2025-10-01,Flappingtest.zip,uploads\2025-10-01\9b6ceaff-7b53-44e7-96d4-e9f6fbc8acfe_Flappingtest.zip,2025-10-01T09:55:52.816024
2025-09-05,Core_EOLtest.zip,uploads\2025-09-05\e71856b9-a84a-41d5-8e4f-aab5a6dc342c_Core_EOLtest.zip,2025-10-01T11:35:37.789422
